generation,population_size,species_count,min_fitness,q1_fitness,median_fitness,mean_fitness,q3_fitness,max_fitness,best_fitness,stdev_fitness
0,200,1,-167.5945934523709,-123.56185391838167,-110.5995745283748,-114.33451374570062,-101.61551012067738,127.27487228407185,127.27487228407185,31.70204477631284
1,200,1,-166.54162149884917,-118.40055322004575,-101.71584543576856,-105.02868962059888,-100.73029432909354,127.27487228407185,127.27487228407185,32.82470077992963
2,200,1,-166.72959188805328,-119.62859412549223,-101.68421238680925,-100.02195681588572,-100.38202632222936,127.27487228407185,127.27487228407185,41.96575212771709
3,200,1,-166.5630593369856,-123.40409117917591,-102.16829851531813,-99.43871955760798,-94.46421292181174,127.27487228407185,127.27487228407185,49.28190760005921
4,200,1,-165.4181527743858,-120.0680210558278,-101.5845992424666,-88.92633549981585,-77.76208499738289,127.27487228407185,127.27487228407185,53.466844410663995
5,200,1,-166.65007211764063,-123.60051025935599,-101.77679583848945,-82.53285124305748,-46.96987144717216,127.27487228407185,127.27487228407185,65.21223275189428
6,200,1,-166.54249797633312,-120.81530887461847,-101.41304522425976,-76.31075600644452,-45.32607859430103,157.67390591659202,157.67390591659202,69.65549399325016
7,200,1,-165.68396570695663,-122.67265522224145,-101.38950339340977,-74.25011539257876,-47.435078078966384,157.67390591659202,157.67390591659202,73.16377833890463
8,200,1,-165.07608123560306,-123.04432530134751,-101.96825404064,-73.85177383556191,-42.92285462816233,165.49197904671632,165.49197904671632,78.7409352944653
9,200,2,-169.12254830287634,-122.77433681410959,-101.75796017497308,-64.40788163822275,-8.523006832810653,165.49197904671632,165.49197904671632,85.5038946719187
10,200,3,-166.77674504814328,-123.16566638085152,-94.55694712035194,-50.1291181620843,9.978804116352975,245.2958725339197,245.2958725339197,91.68040821692126
11,200,4,-166.78964562552267,-117.6329139796599,-88.72090340939887,-46.03547152901481,20.57453869895666,245.2958725339197,245.2958725339197,96.84455342997185
12,200,4,-173.3897569333511,-109.58467827300089,-50.857340940977046,-34.2546555076179,28.736152824524588,245.2958725339197,245.2958725339197,97.55287460383086
13,200,4,-168.2984561261785,-117.85988087101771,-18.280605265755494,-14.265857512373687,69.63174130584231,305.33692753018676,305.33692753018676,115.3196887898213
14,200,4,-167.02585006916667,-120.20600461987966,-26.92961664356296,-15.721146680909255,48.34279920024596,352.2184795112321,352.2184795112321,125.51438122104167
15,200,4,-169.8472740299169,-122.46119009113127,-42.17460816711685,-11.302946951771332,66.22603449101841,401.9725311698197,401.9725311698197,137.020163525108
16,200,4,-167.9773196869102,-110.34040542155444,-11.508512548139255,10.332553811064406,98.7597099939924,537.1278304193415,537.1278304193415,150.42437504955126
17,200,4,-172.07225353244024,-118.25443425163094,-9.047456445929988,17.664757849087405,123.00088131725624,964.9872180493509,964.9872180493509,166.45005962346428
18,200,4,-169.43343088932656,-110.77981300993342,-9.947578597722856,23.261510569437778,122.17978598336161,964.9872180493509,964.9872180493509,170.05472071886066
19,200,4,-167.06525021834813,-110.36593054228703,-6.2113317319025745,32.77098001825673,124.43810707553766,1306.0213675908196,1306.0213675908196,201.29114647901974
20,200,5,-166.73810145068876,-113.37299242849546,-7.784692186095842,38.16420038336144,137.48756499030736,1306.0213675908196,1306.0213675908196,204.5434668025548
21,200,5,-170.84545076161515,-117.21689810488232,-13.548851181396715,27.27560598542327,137.48756499030736,1306.0213675908196,1306.0213675908196,199.47326928270218
22,200,5,-166.89220110589378,-102.28169273949885,8.873925871502033,53.775399271913436,143.65457371928065,1306.0213675908196,1306.0213675908196,199.28443315182986
23,200,5,-168.81819326484566,-102.25115494982907,45.08084827035435,78.27977895438549,175.5469671667654,1306.0213675908196,1306.0213675908196,208.55822329790539
24,200,5,-169.540264586658,-110.3148927806521,14.479434871058775,75.71152474701336,199.66143135215592,1306.0213675908196,1306.0213675908196,217.13589610032653
25,200,5,-171.2541823037704,-121.83517440446714,-13.759142997180678,36.42406590954881,146.72770420973802,1306.0213675908196,1306.0213675908196,209.6697349179445
26,200,5,-171.1190565131671,-107.1587737724286,-0.36767494133613354,61.351835411750265,177.08907296289,1306.0213675908196,1306.0213675908196,215.26811474223786
27,200,5,-167.64256266780336,-120.87502149007253,-31.361508751899454,46.470976651065165,169.50896492295232,1306.0213675908196,1306.0213675908196,222.57569144718042
28,200,5,-166.75648277865344,-116.91749759750488,9.677834043009188,56.90890858398614,155.4787449402183,1306.0213675908196,1306.0213675908196,218.5483454794199
29,200,5,-170.34722057016097,-119.33967915841191,-14.147110117926623,45.784500125204794,141.2222980017927,1306.0213675908196,1306.0213675908196,225.05936021703954
30,200,5,-166.74440216752336,-122.87871151559987,-5.941867530659954,55.953275163838796,171.31941201152992,1306.0213675908196,1306.0213675908196,238.9468219432811
31,200,5,-169.36220586593436,-112.99780228100187,16.412373736032098,87.93086634262694,200.6390707877096,1306.0213675908196,1306.0213675908196,260.1570263716209
32,200,5,-172.61670776248513,-129.1020067531708,-14.768035987575171,70.62361267621901,187.8653720210675,1306.0213675908196,1306.0213675908196,272.2610056435807
33,200,5,-170.13992094314912,-121.28625510203415,19.32216386814557,78.12902125981336,180.87404465604683,1306.0213675908196,1306.0213675908196,258.7217082899087
34,200,5,-168.75422594406348,-125.80146625669192,-54.88622325207281,43.90387670261209,147.97928921573066,1306.0213675908196,1306.0213675908196,260.67727883211387
35,200,5,-167.39745043521333,-117.30570245962758,-6.393207975144689,66.73640591903786,171.6164980283043,1306.0213675908196,1306.0213675908196,262.28477057223154
36,200,5,-167.43027820731697,-118.74446761712795,-10.148301591462545,63.76956378641817,156.5303372266669,1306.0213675908196,1306.0213675908196,257.06614091832733
37,200,5,-168.72518231000208,-126.0572396555656,-56.36671190523536,37.838201235422964,145.66056165801973,1306.0213675908196,1306.0213675908196,260.3407433408007
38,200,5,-171.52023053408874,-122.63998253660183,-46.97551575296919,52.95127596311489,167.32331778887516,1306.0213675908196,1306.0213675908196,262.06562245341934
39,200,5,-171.23927730109415,-124.55622192524336,-28.331536037416342,58.8080683922224,153.16416469484795,1306.0213675908196,1306.0213675908196,264.7961709315402
40,200,5,-171.05030532744377,-134.93425022911177,-84.56777343385123,33.17581492164908,118.84783428611183,1306.0213675908196,1306.0213675908196,262.60735051617104
41,200,5,-173.84914603076092,-124.72277956997344,-35.961516266963926,60.7891716446815,189.91213451196978,1306.0213675908196,1306.0213675908196,267.5358849733651
42,200,5,-167.91869210465336,-127.72301147897888,-78.78793918040196,82.58875320737938,220.86446468529178,1306.0213675908196,1306.0213675908196,296.8864160384513
43,200,5,-168.13020497070602,-106.78566217969936,0.6163033383121226,88.93372567304857,161.68185387897458,1306.0213675908196,1306.0213675908196,279.0795801263589
44,200,5,-172.86861019497246,-122.94664063762079,-11.840637569709674,89.9858367337492,226.15384054367715,1306.0213675908196,1306.0213675908196,293.8858610636261
45,200,5,-169.69438916036808,-120.5226735073889,-37.55593163510855,81.73960426549239,159.15818995965958,1306.0213675908196,1306.0213675908196,299.0195393377917
46,200,5,-168.3884678206144,-113.1007262806656,7.7422372616291755,105.49469701097487,183.2351347832852,1306.0213675908196,1306.0213675908196,303.2506629521608
47,200,5,-172.5955905999162,-121.65567142614582,-22.412989298176214,75.37312229209333,185.7790173477576,1306.0213675908196,1306.0213675908196,289.16106932794855
48,200,5,-168.64838136722486,-121.92657817384121,9.114065114900333,101.05211935071631,198.9815567746106,1306.0213675908196,1306.0213675908196,299.73870511486325
49,200,5,-169.04357143732656,-124.27499661987875,-0.17143581489950943,99.98481386113794,220.58189397929146,1306.0213675908196,1306.0213675908196,300.31855729388815
50,200,5,-169.2035101002451,-130.9821812969712,-101.99329716536894,52.97687547401866,123.78093689636731,1306.0213675908196,1306.0213675908196,309.61980648147016
51,200,5,-168.54538068233606,-123.88922193910804,-10.152934323209337,92.26227515340635,178.2896933637056,1306.0213675908196,1306.0213675908196,306.6104643401416
52,200,5,-166.74610946621266,-121.61567946252522,-34.95961776624458,69.95802944107164,137.02222083149798,1306.0213675908196,1306.0213675908196,293.71474135050505
53,200,5,-169.36895136593677,-111.62910837859286,13.878188573091617,109.00993468873631,186.41251366232083,1306.0213675908196,1306.0213675908196,302.7275032409448
54,200,5,-167.53244861221967,-115.94898366137016,5.619634631926972,116.78799295035353,205.87882097797808,1306.0213675908196,1306.0213675908196,317.27508578569507
55,200,5,-166.79167405122084,-116.82635185051265,9.009912817186198,98.74294889295628,180.7418521587676,1306.0213675908196,1306.0213675908196,300.0407365214445
56,200,5,-171.5042691616298,-116.38016340905989,5.909880459868978,103.27699074573195,182.6623024103975,1306.0213675908196,1306.0213675908196,301.52362305459695
57,200,5,-169.93178271783168,-114.46520014763091,-3.2552698807793785,106.36631088512628,197.9856924840744,1306.0213675908196,1306.0213675908196,311.9108467007681
58,200,5,-167.11763648912319,-122.1100624262678,-0.43644014266679365,110.89908762202035,222.82674055025345,1306.0213675908196,1306.0213675908196,330.1134521773925
59,200,5,-168.32974003979496,-111.68997407699594,6.682876566470636,123.38418154747814,242.12404505799765,1306.0213675908196,1306.0213675908196,319.8480534098519
60,200,5,-170.9565873496,-112.79246962070708,11.240624514516732,149.03931896581744,280.81711587754944,1306.0213675908196,1306.0213675908196,344.6660993176906
61,200,5,-167.65484159180042,-120.33389157962455,7.3076719350375905,130.2839665794325,257.10580231192324,1306.0213675908196,1306.0213675908196,334.5259429737542
62,200,5,-168.21187715332354,-118.0111264526615,2.7564917413944894,129.33627758097603,224.19126420234034,1336.7391981783148,1336.7391981783148,350.6907933027541
63,200,5,-172.14103764238791,-103.84290506825027,15.413075538210624,132.6877418702961,239.73660722085313,1462.4798297915527,1462.4798297915527,340.29005174300147
64,200,5,-167.97697333034841,-112.30126046613819,12.770450460029465,129.7707636748961,244.69027993016874,1462.4798297915527,1462.4798297915527,344.8979990346228
65,200,5,-168.81374285032334,-112.12953819887602,8.209332833052883,140.00152739694173,245.2288234090347,1616.7218952128949,1616.7218952128949,354.43988444956534
66,200,5,-170.99348343991855,-108.4630611406913,30.276189304105387,154.92630093404716,249.02896906624233,1616.7218952128949,1616.7218952128949,362.76808454774323
67,200,5,-168.16739953292506,-115.31420042272684,3.4267638633401667,145.85700320607887,245.45250386434412,1616.7218952128949,1616.7218952128949,379.4107355538881
68,200,5,-169.0918692850837,-120.64904776875645,-7.891633011421631,118.80275769520593,168.15128961993088,1616.7218952128949,1616.7218952128949,357.94491931969725
69,200,5,-169.47523175866496,-122.24410752741382,-8.572357107382633,139.47146810937843,276.57565475604014,1616.7218952128949,1616.7218952128949,376.99957846573795
70,200,5,-169.86036813751028,-118.06571406845947,14.426496507996438,131.10970137635638,200.43549209190218,1616.7218952128949,1616.7218952128949,380.07239248119436
71,200,5,-168.24528159260677,-112.96208210466149,19.023704763603448,128.03560007679187,233.57252390977845,1616.7218952128949,1616.7218952128949,349.3058948778166
72,200,5,-174.22482393841665,-106.92730044012417,19.25175712762234,137.02681433982212,243.07158287270673,1616.7218952128949,1616.7218952128949,362.640035561901
73,200,5,-167.97228998190337,-117.45581659039681,5.891610615522278,143.27526137049216,266.5279674371214,1616.7218952128949,1616.7218952128949,376.3709042964755
74,200,6,-173.47468925546139,-117.53824808839639,-5.165946118273313,122.34659715554528,232.7428815387753,1616.7218952128949,1616.7218952128949,366.3437463105883
75,200,6,-166.7634819254846,-117.30230989669596,27.152475218388737,166.91579432479858,326.675610942225,1759.3890631016673,1759.3890631016673,389.12304884921474
76,200,6,-169.4279881777801,-109.54148245984801,12.053915789914196,175.05550342954675,283.12028835889214,1936.4094308514964,1936.4094308514964,418.6376211544481
77,200,6,-168.59515149068383,-117.9558815054078,4.235498958962368,166.43053419992742,252.46865279913732,1936.4094308514964,1936.4094308514964,420.67221265777687
78,200,6,-166.75278273996963,-110.69576883242289,26.4099357866652,177.72363478008106,274.32286885077053,1936.4094308514964,1936.4094308514964,408.731005693899
79,200,6,-169.91710215677276,-99.5562805712541,62.1209965283753,220.6822084194859,381.16040402592125,1936.4094308514964,1936.4094308514964,427.26280449117303
80,200,6,-168.93396779538878,-104.27019257206553,57.056114338304,201.1321089165124,312.6360195768011,1936.4094308514964,1936.4094308514964,429.6854606777116
81,200,6,-166.77111521872422,-49.17124064775102,116.5660006395862,251.20371282343748,390.58020028219164,1936.4094308514964,1936.4094308514964,445.9699802342067
82,200,6,-166.9323457821332,-94.13940691807228,124.75571790362746,264.94260696226564,412.2289324656275,1936.4094308514964,1936.4094308514964,450.84855960353525
83,200,6,-171.8030756256207,-101.9710145181742,86.73509549646714,255.98411872235255,406.71638576464807,1936.4094308514964,1936.4094308514964,471.49448876995757
84,200,6,-166.76914045360664,-101.92497837741627,97.48758328050445,222.47744113099853,371.1369728755878,2028.5658651557806,2028.5658651557806,452.63494425293516
85,200,5,-167.34750002002875,-48.20373276859514,110.94111608553676,226.45540809540492,331.1592258004573,2028.5658651557806,2028.5658651557806,426.8589675123803
86,200,5,-168.30273022870054,-105.97485235470654,52.64475527691063,225.0426124464228,370.4896837675894,2028.5658651557806,2028.5658651557806,457.7409147116555
87,200,5,-166.76878713986014,-102.75355799166671,30.80219409334755,199.60115491409056,287.50296477872246,2028.5658651557806,2028.5658651557806,458.10383037040214
88,200,5,-170.47361942374275,-103.54453526662859,79.6222516833414,257.67856980188475,409.27469425120495,2028.5658651557806,2028.5658651557806,505.8597526552339
89,200,5,-167.26406777040344,-100.41811487648422,86.40628776353721,245.78842339866796,345.2354102466697,2028.5658651557806,2028.5658651557806,493.6915373865381
90,200,5,-173.40470379224269,-112.36798747492342,88.1073139827064,207.4003831788173,295.4896918404087,2028.5658651557806,2028.5658651557806,459.4750663299732
91,200,5,-166.7952480702299,-72.76640929611705,75.28527931783466,229.76400078727403,294.87220470221814,2028.5658651557806,2028.5658651557806,470.28303504407063
92,200,5,-166.87928152484653,-101.9673154010058,76.76365975031854,221.5201192569266,329.13124731619683,2028.5658651557806,2028.5658651557806,463.34215042011374
93,200,5,-166.7657555961855,-54.78138759969117,81.91843913105396,209.70349702788792,273.77345907746707,2028.5658651557806,2028.5658651557806,450.7930104807078
94,200,6,-169.95587664500727,-62.37236623908207,112.27497095443388,273.81047450432817,382.98278544968326,2028.5658651557806,2028.5658651557806,494.4894629201005
95,200,6,-174.17137214799936,-109.53057061008063,83.41908007901631,227.70597881813563,264.1505236168323,2028.5658651557806,2028.5658651557806,488.0299449829598
96,200,6,-168.00366274182952,-120.73091404455687,13.82122150594726,206.0599252358612,259.111753941339,2028.5658651557806,2028.5658651557806,495.53071968648476
97,200,6,-173.48574984708583,-108.29441877414143,24.975288830918835,228.84422505690247,302.0552394842603,2028.5658651557806,2028.5658651557806,512.2225853527159
98,200,6,-168.07588496700828,-126.01858217193296,41.46318624614908,232.19867652494372,295.7349210421461,2124.0530420111945,2124.0530420111945,525.5792592153587
99,200,6,-166.8272081950683,-113.55260306300474,40.62744706230584,225.7523482284991,292.1823979608464,2124.0530420111945,2124.0530420111945,510.6641116730849
100,200,6,-166.7380091549877,-102.31519871393292,96.97828043828987,256.2164661708274,328.4386450394095,2124.0530420111945,2124.0530420111945,510.51713552596306
101,200,6,-166.77255049374526,-102.04046752508033,93.56013164948192,259.9667947864698,370.7608145227413,2124.0530420111945,2124.0530420111945,492.5955701851752
102,200,6,-166.7581508938713,-102.00960670229779,47.50186659474477,210.76764102708756,251.62093200178302,2124.0530420111945,2124.0530420111945,488.3317498837131
103,200,6,-172.2449040350039,-120.26415571261299,32.38256097672156,193.5546495954524,230.39052044039553,2124.0530420111945,2124.0530420111945,477.80658115500063
104,200,6,-166.749581072291,-100.98239215173665,92.04072870016348,265.67764801807544,373.4910754251835,2124.0530420111945,2124.0530420111945,524.4162056976743
105,200,6,-166.75752954573693,-38.88172434395168,104.50762018308079,248.54822184391224,288.55879960854037,2124.0530420111945,2124.0530420111945,491.11797711694607
106,200,6,-168.20921198438282,-103.28573268192875,57.48344960735672,244.85868719607154,321.23275255950193,2124.0530420111945,2124.0530420111945,516.8316775104116
107,200,6,-166.76587088116287,-94.13307540015063,86.58003354209711,268.3087014509979,339.68161400794827,2124.0530420111945,2124.0530420111945,529.5227238058081
108,200,6,-170.9577744031369,-76.60531173016807,74.98121018859317,252.20293196116745,356.29426767701676,2124.0530420111945,2124.0530420111945,501.8355513114126
109,200,6,-172.0618605200733,-101.98398490706506,72.9435350623248,269.8241490784328,377.94749272530305,2124.0530420111945,2124.0530420111945,540.1240449358876
110,200,6,-166.7665001062511,-113.73655012773803,10.828017970305792,205.08120823260208,232.06599410232192,2124.0530420111945,2124.0530420111945,508.5663571390527
111,200,6,-168.28343089350466,-119.98244143665356,20.896223554934558,221.69360829143815,255.20566201063306,2124.0530420111945,2124.0530420111945,520.9913967059525
112,200,5,-170.48275556627243,-112.5753072891428,38.341018541807344,227.85199648403383,324.02326364796266,2124.0530420111945,2124.0530420111945,521.8527717673826
113,200,5,-169.61465374577182,-116.02466630981792,86.36646973615359,247.78135105227742,360.8925885530279,2124.0530420111945,2124.0530420111945,518.8245725679027
114,200,5,-167.50315111629033,-111.7623484864511,35.22860677565346,197.28936920472276,242.66431346542294,2124.0530420111945,2124.0530420111945,479.1042749065577
115,200,5,-168.16101624788854,-121.08675866117225,14.666772653688781,213.84389006524964,261.70416172188357,2124.0530420111945,2124.0530420111945,519.0308034848211
116,200,5,-166.77066454273245,-118.06858502091242,15.317893080281301,231.98912134186997,290.7700516815145,2124.0530420111945,2124.0530420111945,546.7156884924748
117,200,5,-166.7990939447633,-112.9497574909121,-1.3429801164323383,201.45461097954296,226.00045249339513,2124.0530420111945,2124.0530420111945,520.6305268170698
118,200,5,-166.7951802392165,-117.46095668855291,13.200640527729771,218.29663143320414,319.5913510483709,2124.0530420111945,2124.0530420111945,522.6276636890772
119,200,5,-170.60670312446518,-122.03534291021694,67.93852134873035,238.24723120812018,308.3232519534881,2124.0530420111945,2124.0530420111945,526.7460446005113
120,200,5,-171.5037880392333,-101.86719283655276,56.68318698319469,256.6519004585566,268.33666826080923,2124.0530420111945,2124.0530420111945,565.7339887576119
121,200,5,-166.76199328114114,-101.96370178947699,88.15495036210405,259.9513204305698,304.17868408521326,2124.0530420111945,2124.0530420111945,551.0392242286678
122,200,5,-166.77117232442689,-117.39463221749072,19.865806338415297,192.69027236097892,233.00543655720307,2124.0530420111945,2124.0530420111945,507.5738035435857
123,200,5,-170.48867460225057,-113.69620424032551,29.00440469049564,213.0716435842734,242.51911596303665,2124.0530420111945,2124.0530420111945,525.299390814312
124,200,5,-169.5768375055086,-121.32057690664797,23.893036835133792,211.06873675178974,238.28361617282567,2124.0530420111945,2124.0530420111945,520.4416139553307
125,200,5,-167.1638006769646,-122.28767593729592,-3.019699002854879,152.86260492110085,167.9146677186214,2124.0530420111945,2124.0530420111945,492.33428057757436
126,200,5,-176.5809067500424,-121.37136820798781,3.8981429360363586,184.22332640105796,240.8654408795387,2124.0530420111945,2124.0530420111945,502.6306247569656
127,200,5,-172.54419908988092,-110.45272538731659,12.407097925749484,212.30328083375235,262.3064759914988,2124.0530420111945,2124.0530420111945,529.614372651791
128,200,5,-167.00717728867647,-111.37399642961182,38.45525974942488,230.3175532048958,291.5082915381916,2124.0530420111945,2124.0530420111945,532.9088668236756
129,200,5,-168.95150904096863,-121.51171369442224,-2.842124643252511,189.80493511228676,240.9249507347336,2124.0530420111945,2124.0530420111945,527.1568375921504
130,200,5,-166.76037563910575,-103.47934566420852,13.283068375772864,203.52159508458917,236.5984665644667,2124.0530420111945,2124.0530420111945,534.4866936456685
131,200,5,-166.7651324296176,-114.47929512379802,22.75952609289091,201.8268700684137,224.4317613149791,2124.0530420111945,2124.0530420111945,524.5588881558286
132,200,5,-166.76849323929275,-119.90096722150076,15.227226510870928,208.05286028897805,217.7277443598801,2124.0530420111945,2124.0530420111945,539.3094676368916
133,200,4,-166.87190048887138,-99.52387989990407,73.58866247622834,260.35434128667833,340.0630255909508,2124.0530420111945,2124.0530420111945,542.7434138838798
134,200,4,-166.8040329912487,-116.99863095442808,15.52191681690558,223.7289850903453,290.91110254168285,2124.0530420111945,2124.0530420111945,530.4958406212655
135,200,4,-176.84496681171376,-110.11849847362184,-3.435564858350297,209.33328542657802,218.36538118932774,2124.0530420111945,2124.0530420111945,538.9529217319983
136,200,4,-166.75097518958978,-102.45062203117176,36.7374168800152,209.87337736352873,244.93871192885547,2124.0530420111945,2124.0530420111945,504.8503804803782
137,200,4,-166.7714641785392,-121.93704770692723,30.06999599856845,217.3300301713802,301.8892195114632,2124.0530420111945,2124.0530420111945,521.6788870951518
138,200,4,-170.71237545206932,-114.76033929728895,34.90157745339843,218.91850291710168,251.2765757568353,2124.0530420111945,2124.0530420111945,523.8655644719739
139,200,4,-170.41656034026153,-121.13176127970267,18.684234904114952,199.9689810690295,251.7493404901335,2124.0530420111945,2124.0530420111945,519.0916030729982
140,200,4,-166.21339592291451,-101.82083868680742,59.23320768053085,231.52936517072447,246.32510938983248,2124.0530420111945,2124.0530420111945,520.9067243778237
141,200,4,-169.92418978606645,-121.98683660500754,2.78497344920081,202.6753407514556,221.59320350352215,2124.0530420111945,2124.0530420111945,543.1963229691746
142,200,4,-166.75504807378135,-102.02407052164983,85.16737673951873,237.2592766328666,284.8131043054214,2124.0530420111945,2124.0530420111945,523.8944496628983
143,200,4,-166.90460000674486,-102.1090288204635,43.338130804857585,259.9448629873434,285.72289911957216,2124.0530420111945,2124.0530420111945,575.6118362333697
144,200,4,-171.07722900205093,-117.35879584242042,59.05758592494147,268.9087800606991,343.9739972085906,2124.0530420111945,2124.0530420111945,571.0450397649054
145,200,4,-167.20575197603657,-102.69635907918753,85.72507925412441,242.96693100967732,310.11572691794504,2124.0530420111945,2124.0530420111945,528.0076500677502
146,200,4,-166.76019215792724,-102.27974253432332,35.40196291411392,233.27806853152728,236.78409109512887,2124.0530420111945,2124.0530420111945,539.783162582323
147,200,4,-166.77007850272378,-105.90071630488958,40.36034810133978,201.10039826740146,252.24722440987833,2124.0530420111945,2124.0530420111945,508.1950099437758
148,200,4,-166.77997424212253,-118.12006986039862,58.79215769542051,253.24063973938047,297.03753559583674,2124.0530420111945,2124.0530420111945,569.4024412272605
149,200,4,-166.75037406802883,-107.29121481691136,29.683620318844557,240.9953359677455,240.864663096303,2124.0530420111945,2124.0530420111945,552.5572154481407
150,200,4,-168.30005543919873,-123.8730575178688,21.94379154194129,224.842665026296,270.8490143786438,2124.0530420111945,2124.0530420111945,539.1350256021703
151,200,4,-173.62865073663048,-102.15293238734392,65.82605459262103,248.1364552244082,312.4913776875913,2124.0530420111945,2124.0530420111945,530.8879972633272
152,200,3,-166.76488471840128,-125.52583051816146,4.749962608483839,198.06957532258798,306.3096220365221,2124.0530420111945,2124.0530420111945,513.6477040557122
153,200,3,-171.20921590432914,-124.29197942318443,-15.431845548311074,180.9888601913374,232.22952756342443,2131.5447328870023,2131.5447328870023,532.1166600879706
154,200,3,-166.72140886725322,-118.27531151839715,3.5018750705544113,235.29706482349542,302.7761620278915,2131.5447328870023,2131.5447328870023,576.4724423622586
155,200,3,-168.52829467032421,-122.3737112661279,24.803223553200812,215.16720782513238,231.0812498902628,2131.5447328870023,2131.5447328870023,550.5487913738675
156,200,3,-166.7244168450618,-109.54810012837109,18.546830836605416,243.02387740726383,350.81499171587564,2131.5447328870023,2131.5447328870023,551.8504598431493
157,200,3,-170.5038276807083,-122.39497940548972,-49.49618513357059,132.01879192583704,141.5328229369697,2131.5447328870023,2131.5447328870023,483.88767764355885
158,200,3,-167.3771809386136,-118.15411395478145,51.42164296359588,208.89894066474756,312.4298545053513,2131.5447328870023,2131.5447328870023,500.7462886145397
159,200,3,-168.60942944363737,-116.17812604362665,98.95224753718503,215.17230951438313,352.6301766397256,2131.5447328870023,2131.5447328870023,482.31170761531666
160,200,3,-166.73070328921932,-120.33756898701392,-9.200184127084944,175.23441633856305,226.49846511192663,2131.5447328870023,2131.5447328870023,497.11514815377416
161,200,3,-168.15081529287698,-121.96315583311477,7.800074265699169,189.6893152414337,274.21736432899706,2131.5447328870023,2131.5447328870023,501.88040779086634
162,200,3,-170.02530302323032,-127.89018201597887,-25.365345424835112,182.06529180509062,248.96214587376085,2131.5447328870023,2131.5447328870023,526.8136534272685
163,200,3,-174.75030456793735,-116.91904819434065,9.130007554812362,184.70640689972123,254.75314893161124,2131.5447328870023,2131.5447328870023,502.1718341516704
164,200,3,-170.09637354311485,-119.8350231663676,6.320618624374307,188.47439756098433,291.1320363654429,2131.5447328870023,2131.5447328870023,511.04430047882397
165,200,3,-167.9464220635438,-116.5504286182069,38.144423680065444,200.09241351007412,270.3352567460052,2131.5447328870023,2131.5447328870023,497.80784133357224
166,200,3,-168.58210403398047,-107.36133873846435,27.67013002894579,215.32508084823695,280.2662888809806,2131.5447328870023,2131.5447328870023,527.4907175136541
167,200,3,-166.76521455872444,-121.17488744103971,-20.33163605520444,170.25795919133503,214.9098597228283,2131.5447328870023,2131.5447328870023,502.7199354518005
168,200,3,-166.7365342993386,-119.13139166299266,-20.157286283978813,188.76371137058686,246.2711904553554,2131.5447328870023,2131.5447328870023,529.9530739287195
169,200,3,-173.04428613396558,-122.24120466928103,-18.737188125563897,147.1887275389969,168.4801998390694,2131.5447328870023,2131.5447328870023,489.4737685487437
170,200,3,-168.2875444252707,-122.72739024044256,-2.6946134983083585,155.25172958899054,167.9187422663141,2131.5447328870023,2131.5447328870023,516.4552888043506
171,200,3,-167.01347355800323,-121.9308740098636,1.2815374065014264,156.05341394234802,186.8085474509973,2131.5447328870023,2131.5447328870023,481.93302974834944
172,200,3,-167.59143257489484,-123.66534529998586,12.699660876029556,213.45642556946947,311.1818387605682,2131.5447328870023,2131.5447328870023,519.3715473350544
173,200,3,-173.710685288272,-122.68033265621531,20.704217394476043,214.99181957701592,258.89061682174383,2131.5447328870023,2131.5447328870023,535.4072177257123
174,200,3,-168.57563351685874,-112.39225505028351,21.9771452085896,202.90237238476323,286.33976389045034,2131.5447328870023,2131.5447328870023,492.4767396802552
175,200,3,-166.90151961323954,-122.35447155884773,-18.78227065588116,177.98467494353713,174.65957478582868,2131.5447328870023,2131.5447328870023,541.8550754978249
176,200,3,-168.35976548574337,-120.70989433276196,16.529559377523235,232.02162732626064,329.9450809479897,2131.5447328870023,2131.5447328870023,541.4841222970697
177,200,3,-168.61541185954832,-113.4156967046528,66.24258308678728,245.53725407551386,335.2215507971629,2131.5447328870023,2131.5447328870023,545.4842410926905
178,200,3,-174.2177575874275,-122.44293017236478,-7.70220066853935,163.97502893484162,219.2598830760395,2131.5447328870023,2131.5447328870023,481.02521406095207
179,200,3,-172.38099964162583,-114.82591218954566,45.19872758467429,229.472508268271,369.4348453329339,2131.5447328870023,2131.5447328870023,502.4795874882082
180,200,3,-174.26744732273136,-111.92963332190273,100.33710910717932,247.78939146180383,346.2435216119262,2131.5447328870023,2131.5447328870023,521.6609201956201
181,200,3,-166.93705727927858,-109.73064176293596,82.80834643020097,244.1459198946078,380.4984110236724,2131.5447328870023,2131.5447328870023,515.6241338460995
182,200,3,-166.73722841124268,-104.19942578185419,24.665752852673215,213.84246900252103,311.3328791130201,2131.5447328870023,2131.5447328870023,516.9759367559018
183,200,3,-172.43714563185097,-125.2864524668789,-14.561714738674015,191.559610179423,294.6372778814106,2153.018028117794,2153.018028117794,530.0621447982373
184,200,3,-166.66920606345002,-105.96512209216282,75.755039564844,258.23348339333336,369.48232161719375,2153.018028117794,2153.018028117794,547.3556984851126
185,200,3,-166.36588577432562,-102.12825476325165,93.56915337710944,249.61868402941053,369.6827115490488,2153.018028117794,2153.018028117794,520.3891127995419
186,200,3,-166.72024852721617,-106.7715678235089,10.822628408524134,206.153729764097,239.55746673987642,2153.018028117794,2153.018028117794,524.1234287077666
187,200,3,-167.00613881110127,-118.38831534001642,6.056918096154904,174.46059971858836,195.5761195385507,2153.018028117794,2153.018028117794,512.929707524146
188,200,3,-166.9842510766186,-121.21184641273848,-0.7040694908709764,187.76297742898075,265.4752652040695,2153.018028117794,2153.018028117794,494.4928452626856
189,200,3,-169.8896090451282,-102.19897003035283,28.1744910892104,218.11093387297007,285.53888657663106,2153.018028117794,2153.018028117794,519.407147042934
190,200,2,-167.17089967362014,-122.82574637207773,-14.657729633704296,172.71268495266386,175.73927651238404,2153.018028117794,2153.018028117794,528.1230623437625
191,200,2,-170.83836364983046,-119.59015306974482,10.253126244284168,212.360201009977,322.8843238446556,2153.018028117794,2153.018028117794,536.2554132723145
192,200,2,-170.32956938132708,-115.18192030038648,27.22295582816938,225.00724888611398,273.8987800649169,2153.018028117794,2153.018028117794,567.2827494621934
193,200,2,-166.7493528078968,-106.92712272401423,47.49206859740702,193.59038669567585,251.4425192242781,2153.018028117794,2153.018028117794,482.59639400401454
194,200,2,-171.9740152602067,-119.67599212451978,75.49336742170894,221.1971660708449,264.53554024791515,2153.018028117794,2153.018028117794,537.7880243104053
195,200,2,-174.61235814009564,-106.74799572095706,63.55476092621227,244.14534597225912,334.1992381573641,2200.6478570588256,2200.6478570588256,559.1188015823855
196,200,2,-166.8014811130797,-105.60683332020761,120.2125056296189,305.9583101640626,388.2949311652145,2200.6478570588256,2200.6478570588256,585.1274031418608
197,200,2,-170.1555750785216,-117.22209190404368,35.761584441307726,254.1964557487949,382.3996843218895,2200.6478570588256,2200.6478570588256,553.9700108242232
198,200,2,-166.72402852890747,-110.01048625059082,61.78424801028845,238.7212823548749,351.0921472575982,2200.6478570588256,2200.6478570588256,528.0287847396556
199,200,2,-166.72801485335737,-101.96677293341297,54.70112778559663,234.24012490358032,349.5004150634715,2200.6478570588256,2200.6478570588256,527.4353468139143
200,200,2,-172.5428491937277,-114.05257496963013,81.39200282131917,270.03021934149666,370.7166128356015,2200.6478570588256,2200.6478570588256,569.2589221727522
201,200,2,-166.7339153440061,-120.34273201681816,9.058017441972837,234.9224935290666,330.72454019654714,2200.6478570588256,2200.6478570588256,544.5178248583899
202,200,2,-170.50030454079393,-121.06174240621215,14.79089270559152,197.87687846058427,320.26930968264634,2200.6478570588256,2200.6478570588256,505.1006439038018
203,200,2,-172.15761848437987,-122.2464276118673,9.638741238465208,190.69239120203991,263.34800038501476,2200.6478570588256,2200.6478570588256,524.1873744301023
204,200,2,-166.73366214916896,-122.19591478048795,7.111699542849132,168.30482276976403,200.93170488716513,2200.6478570588256,2200.6478570588256,506.48670559167107
205,200,2,-171.87700782255564,-119.34463305985865,21.381547881245005,190.88833441340034,322.0100773625059,2200.6478570588256,2200.6478570588256,501.850477791816
206,200,2,-166.77864400333468,-118.57477154800209,19.959322212154838,189.54154774148654,214.8588203669507,2200.6478570588256,2200.6478570588256,520.8292527420421
207,200,2,-171.297090549599,-117.80252542570875,33.632461576952764,197.49054387995793,265.2541931331979,2200.6478570588256,2200.6478570588256,514.860144493244
208,200,2,-167.36066424057634,-114.89277557848398,64.79207005877723,212.7627303502212,283.2259044540246,2200.6478570588256,2200.6478570588256,519.0598813208316
209,200,2,-166.73439770702103,-121.78736167398058,8.560348253981093,170.3297764034647,260.59228487413054,2200.6478570588256,2200.6478570588256,487.9031516909733
210,200,2,-171.3154308081801,-127.20234928941882,-85.54467535619504,128.2129932767086,155.90084810005243,2200.6478570588256,2200.6478570588256,482.0303376100798
211,200,2,-168.08708100356026,-110.2288089150946,8.90295018214319,210.69117496350776,287.68534028672207,2200.6478570588256,2200.6478570588256,539.1719027640021
212,200,2,-167.99482392659493,-118.70745834356487,12.520482049462338,246.54780664738897,377.20440177192984,2200.6478570588256,2200.6478570588256,570.0408217145149
213,200,2,-166.81936864576195,-120.73134557116373,12.01648898576427,224.32815863751105,255.01518968216712,2200.6478570588256,2200.6478570588256,565.4853198594884
214,200,2,-167.1950713956163,-111.98034607683975,97.81286117437537,254.1014013281976,375.745432086619,2200.6478570588256,2200.6478570588256,541.4272932000292
215,200,2,-167.32174797432504,-121.36593043554407,23.175951249242193,246.20226832311954,380.30230138145635,2200.6478570588256,2200.6478570588256,555.5478523354451
216,200,2,-166.75989471554547,-118.57774148695717,9.972130573148547,258.71615162499756,336.7009880675479,2200.6478570588256,2200.6478570588256,599.287303648066
217,200,2,-168.91176617507585,-123.82160810336093,10.634145692079343,270.06097168766865,397.4596818981681,2200.6478570588256,2200.6478570588256,587.4767979036945
218,200,2,-172.96539317164104,-122.01633720116129,3.496176087795866,270.38933539743556,390.08870788867455,2200.6478570588256,2200.6478570588256,589.5550503962205
219,200,2,-171.96438519933898,-119.54366980969172,11.6750714040735,216.30219404326925,334.4453262874805,2200.6478570588256,2200.6478570588256,535.8688886276399
220,200,2,-167.90623137518543,-114.74068811684681,40.954699943238154,269.4432717625334,373.5835000571856,2200.6478570588256,2200.6478570588256,577.1372856056714
221,200,2,-171.68851468556267,-121.3214542994545,63.99349575352208,259.8475088629319,379.59616240437947,2200.6478570588256,2200.6478570588256,558.8431133426343
222,200,2,-166.90419162930036,-117.72510735724975,27.874832357161935,254.1239857467945,384.7789637948341,2200.6478570588256,2200.6478570588256,540.3226267030427
223,200,2,-170.04508140973516,-108.12246076115895,35.135718869435934,245.90287722763674,270.7108919153927,2200.6478570588256,2200.6478570588256,561.8529778233952
224,200,3,-173.427283863759,-113.9753974566413,55.08320689713493,223.5069108483996,295.99451137582537,2200.6478570588256,2200.6478570588256,519.3475321754576
225,200,3,-167.6728252084012,-121.37301757215018,11.357077350344763,237.3635378391704,386.56682257083133,2200.6478570588256,2200.6478570588256,556.4197416883038
226,200,3,-171.9146423985342,-119.04100628518358,30.44588635816839,247.91119897959226,257.8596326786982,2200.6478570588256,2200.6478570588256,574.4917818979324
227,200,3,-167.0342673733183,-103.01408638584438,95.6403588384375,297.17791044108617,369.61429533674493,2200.6478570588256,2200.6478570588256,592.8939434643453
228,200,3,-168.60716169293272,-115.95333485457725,15.897840874905476,321.09260884934395,404.666339487666,2200.6478570588256,2200.6478570588256,633.3215429447581
229,200,3,-169.97478582562366,-120.63978899426193,33.76335701842788,310.52711209273957,381.2584645559177,2200.6478570588256,2200.6478570588256,633.0752166051013
230,200,2,-169.90027672090454,-106.8703813090741,69.00487380894377,359.7011072902778,622.5352633679149,2200.6478570588256,2200.6478570588256,631.1565037741703
231,200,3,-169.5160285641843,-116.54834979663406,48.14152701946574,312.66331476227043,448.6805504435373,2200.6478570588256,2200.6478570588256,612.904175474088
232,200,3,-169.20008816977753,-109.63521364251403,91.79563220306284,349.98347289253024,573.2456552246463,2200.6478570588256,2200.6478570588256,611.4784374633832
233,200,4,-166.71694507181547,-71.70547075515907,153.32129146937922,348.9126303434942,489.38816893641297,2200.6478570588256,2200.6478570588256,572.1268073484017
234,200,4,-166.91480865698531,-110.15009185899677,49.80255969687876,328.64425936746017,494.5859710425848,2200.6478570588256,2200.6478570588256,618.9432149507046
235,200,4,-168.072461430354,-110.32376765482921,137.81599604182117,380.8983007477298,551.571555724522,2200.6478570588256,2200.6478570588256,638.086455237427
236,200,5,-167.30280186112194,-112.13078081290729,92.84937567786739,371.93832365626736,604.1246544808887,2200.6478570588256,2200.6478570588256,652.2882147354176
237,200,5,-168.6470359547633,-112.32492393454109,69.10328547104278,362.7004168369793,569.4702274385635,2200.6478570588256,2200.6478570588256,647.8666123416368
238,200,5,-171.6394076767126,-111.89367184921112,95.3092438314307,397.7757402521706,599.571288550572,2200.6478570588256,2200.6478570588256,701.277190806572
239,200,5,-166.6234926621897,-102.4520714288169,110.45568000403574,405.5552014321892,613.1448209300377,2200.6478570588256,2200.6478570588256,686.6809186799829
240,200,5,-166.5082546902987,-42.88456174096423,177.75220743875428,480.5869880357792,928.6299090150733,2200.6478570588256,2200.6478570588256,689.127331524336
241,200,6,-167.6970150664237,-101.91035939342345,148.49039823520462,484.60521759232574,922.1710914711662,2200.6478570588256,2200.6478570588256,711.118235496749
242,200,6,-166.75486249059824,-102.0153655981801,135.952509334774,430.218641722347,680.2558802185827,2200.6478570588256,2200.6478570588256,693.9856720673118
243,200,6,-170.71556588880983,-102.0009116556294,111.52457763373218,449.22987815393316,730.3058601752947,2200.6478570588256,2200.6478570588256,740.9379657541373
244,200,7,-168.71588300594,-101.9623193403504,131.5146510924657,416.8262784821418,586.0923411732239,2200.6478570588256,2200.6478570588256,708.8580064564073
245,200,7,-166.75486249059824,-102.04519613872465,83.13226058339566,359.6239555827088,407.4571482458539,2200.6478570588256,2200.6478570588256,687.6591471214285
246,200,7,-166.75486249059824,-104.45459901311703,67.54831752626323,380.72935711891756,471.6928625138815,2200.6478570588256,2200.6478570588256,713.3475295950172
247,200,8,-166.7005344006619,-103.6995385351141,101.22003610662404,368.7623718891225,442.14421873023866,2200.6478570588256,2200.6478570588256,695.6858554760394
248,200,10,-166.74394588985297,-102.02886981620615,51.566186006634915,424.25888616473117,589.8219138930458,2200.6478570588256,2200.6478570588256,754.5311887197196
249,200,10,-171.52150701198434,-107.26556162918442,79.78538256019777,381.87262816404393,373.5037911075787,2200.6478570588256,2200.6478570588256,738.2973753967267
250,200,10,-168.43697563472085,-100.49082454557653,152.9935515428251,541.8797102786339,1081.8758599682706,2200.6478570588256,2200.6478570588256,795.2612237768938
251,200,10,-166.76185997459947,-102.12019862660357,111.81403167101124,444.4800988717211,629.0945025676249,2231.652274660075,2231.652274660075,771.4139340195777
252,200,9,-171.13240164145333,-118.63663717877112,18.98869447528888,388.3413014141213,589.9214847340924,2231.652274660075,2231.652274660075,739.1149487720642
253,200,9,-168.44440599594913,-103.53025776293008,140.82967449107895,456.63834121007,603.6182966720565,2231.652274660075,2231.652274660075,775.1712635033668
254,200,9,-166.74069963231665,-102.05131289884082,117.70823436102785,471.773135268507,645.0932744545861,2231.652274660075,2231.652274660075,792.937369559136
255,200,9,-168.5941210598292,-110.68891977162914,101.84561590336355,438.7934691953226,550.9961667095271,2231.652274660075,2231.652274660075,767.7961609582736
256,200,9,-173.16123037719578,-102.01584966025175,104.69532502342548,469.79776601763473,651.3203638108785,2231.652274660075,2231.652274660075,783.8660343853359
257,200,9,-169.4060430105953,-102.05864932451932,162.7512891383683,555.0287000832542,1255.1962091530622,2231.652274660075,2231.652274660075,822.49054129347
258,200,9,-166.69249634516868,-101.39574177963553,152.40900575619816,498.63230729414767,803.79782304744,2231.652274660075,2231.652274660075,776.9842619480308
259,200,10,-166.73805900461326,-106.68387220292159,129.61236465368614,526.8733875537825,1199.6568003988314,2231.652274660075,2231.652274660075,813.9731517091521
260,200,10,-167.2800259244962,-112.48343154726055,128.35152280033302,494.86102439251465,968.4366443534959,2231.652274660075,2231.652274660075,813.81820176453
261,200,10,-166.7372584707417,-44.921294546873696,160.54404247066853,562.2252463134186,1010.9297322786751,2231.652274660075,2231.652274660075,796.7721599863808
262,200,10,-167.49634405295217,-102.02081813562944,119.69178684148247,546.1531400125997,1407.9549053659687,2231.652274660075,2231.652274660075,842.7484075648143
263,200,11,-166.79001711077206,-101.85494635603234,137.8666310742697,496.5988573171111,826.2528150777126,2241.3755924614375,2241.3755924614375,787.1259131004406
264,200,11,-168.74473342082052,-112.33291036982772,138.1051252850753,517.5443501538325,830.1198988675285,2241.3755924614375,2241.3755924614375,824.7917596872335
265,200,11,-168.05431249559223,-101.31894501402428,139.73119915231803,564.2303875258201,1158.1909579371518,2241.3755924614375,2241.3755924614375,829.3244473498002
266,200,11,-166.68589668891542,-102.10757204122964,152.73280577328876,553.1906055566038,1231.1470865311267,2273.704050636814,2273.704050636814,835.319490701626
267,200,11,-166.72230034360075,-101.96991068824963,141.99344828659451,536.5589429522502,965.8011290672316,2273.704050636814,2273.704050636814,831.0445582600219
268,200,10,-166.73658720432127,-101.94237387875083,155.7436655500773,543.42931809387,952.188436761787,2273.704050636814,2273.704050636814,813.6090400761431
269,200,10,-166.3205654071169,-90.6383846650228,162.27729693416347,575.5417781634045,1301.8674190786471,2273.704050636814,2273.704050636814,808.1216668608062
270,200,10,-172.4644512085577,-106.11133284504027,139.50760226795865,521.3014187510462,896.8423468710834,2273.704050636814,2273.704050636814,809.9941967166757
271,200,10,-166.65544989645298,-101.6654826864249,158.18531270953554,609.3972424742293,1411.852956789633,2273.704050636814,2273.704050636814,839.872940562811
272,200,10,-166.73798540465805,-68.11497159653659,160.16761482593202,607.905816908785,1453.58814949936,2273.704050636814,2273.704050636814,850.7435595951033
273,200,10,-167.08254564164642,-100.65168994789224,157.84175397075592,637.9288710422833,1529.2431456898835,2273.704050636814,2273.704050636814,866.8461179975868
274,200,10,-166.70137344241724,-67.56806354914612,173.4790654422447,568.738505619865,964.0142587148288,2273.704050636814,2273.704050636814,811.1245285777749
275,200,10,-172.70369015380246,-101.3841971305984,162.02225138932573,579.4682953207063,1207.668059206247,2273.704050636814,2273.704050636814,843.3620839963708
276,200,10,-166.759783889803,-100.39068818654108,163.41777574723903,571.3300320318632,1174.4538642334933,2273.704050636814,2273.704050636814,835.7139584806514
277,200,10,-166.69795011181714,-102.15061116894873,94.87435162474966,530.3835548001429,983.6104747499758,2273.704050636814,2273.704050636814,848.043263504462
278,200,11,-166.68650281888557,-101.92622137275748,188.11295675236312,588.6764852211966,1223.2218505590176,2273.704050636814,2273.704050636814,833.9561276944679
279,200,11,-172.99264516098495,-86.4667467700371,174.36708908304172,530.2297816893716,736.0318688791048,2273.704050636814,2273.704050636814,810.7163649076616
280,200,11,-166.72197427486572,-101.85243576433031,153.83863483411122,594.9487245579995,1213.007745411265,2273.704050636814,2273.704050636814,854.329888058749
281,200,9,-166.72313828267937,-106.5869690503075,119.35792959073417,497.7602096085357,743.6318464171842,2273.704050636814,2273.704050636814,802.9092960523864
282,200,9,-166.73137805014917,-101.84905826491489,152.99610158940675,576.3615951612169,1360.95294528357,2294.0415817918856,2294.0415817918856,858.2187177764498
283,200,9,-166.73662191878978,-101.89400034832957,163.37047363756636,565.2097531476185,1195.5905699313903,2294.0415817918856,2294.0415817918856,833.3458488627813
284,200,10,-166.94876509223445,-102.3263793128433,117.64987679549753,539.0708722246408,1021.8396334533709,2294.0415817918856,2294.0415817918856,822.2336624889947
285,200,10,-166.75541677040354,-101.80165800911301,157.1252272318562,570.2216048033496,1078.8055677588322,2294.0415817918856,2294.0415817918856,844.5273839624851
286,200,10,-166.75541677040354,-80.7570292596451,173.77761848377588,538.241913474564,781.8639960425076,2294.0415817918856,2294.0415817918856,802.7443646480573
287,200,10,-166.74730665939387,-101.77014832689422,158.37257730710922,576.4744247935719,1135.2744123630723,2294.0415817918856,2294.0415817918856,845.0317361435181
288,200,10,-166.7388774266238,-101.96014098941737,163.3207292507787,603.0501171776615,1459.7865489690826,2294.0415817918856,2294.0415817918856,874.1044059598577
289,200,10,-168.97621722617836,-101.68681183893747,177.97784012249014,562.1242785420359,819.3540207637479,2294.0415817918856,2294.0415817918856,826.8053197453969
290,200,10,-168.3251279246063,-102.31478997121633,107.87354679480109,478.93826602648215,625.8834521499024,2294.0415817918856,2294.0415817918856,814.986823221273
291,200,10,-167.29463347072348,-101.99902277189031,131.18337019545777,535.2450671708067,1068.318897188206,2294.0415817918856,2294.0415817918856,846.046922118295
292,200,10,-166.61729133349016,-101.80064241414307,168.2168695821576,641.189843065347,1534.7544006972396,2294.0415817918856,2294.0415817918856,880.784012325342
293,200,10,-173.18293031366596,-101.97483869097101,131.9003516656977,570.2148777304401,1159.6310161712604,2294.0415817918856,2294.0415817918856,862.0696907643083
294,200,9,-166.894178572388,-104.94476036405368,142.5669365714191,515.3539823347407,868.1162769011682,2294.0415817918856,2294.0415817918856,822.0693552073906
295,200,9,-169.98415128222268,-88.79404875781913,181.0197092419972,640.6844338140278,1533.4813757269235,2294.0415817918856,2294.0415817918856,880.4000961026115
296,200,9,-166.73463194880276,-102.17695045560468,121.50219768570717,523.309605522659,793.5949638469897,2294.0415817918856,2294.0415817918856,841.9000121647148
297,200,9,-166.72704378801222,-94.02352074497337,171.05944025701697,588.412613971655,1364.8607279420855,2294.0415817918856,2294.0415817918856,845.2728008049744
298,200,9,-166.67999561152322,-102.24880713783656,159.6972198783693,557.135492685414,1224.1394421904204,2294.0415817918856,2294.0415817918856,841.5711317081484
299,200,9,-172.79302857603784,-102.092522719768,177.6497940399213,583.3192775190442,1320.847606099806,2294.0415817918856,2294.0415817918856,844.4695049766534
300,200,9,-166.7337675362371,-101.73098133373105,243.56271737918647,676.4549362670848,1504.8451713425015,2294.0415817918856,2294.0415817918856,870.798334816405
301,200,9,-172.96807840739444,-9.412673754841583,214.9503280145498,631.2144718681993,1215.3736728831905,2294.0415817918856,2294.0415817918856,839.429024947206
302,200,9,-166.73348155711153,-102.04723161114259,106.10696667203894,504.8918143704585,822.387904017895,2294.0415817918856,2294.0415817918856,824.8194212645458
303,200,9,-169.6149601483337,-102.08440577736067,156.33055967416482,542.4243027655579,873.902329596861,2294.0415817918856,2294.0415817918856,837.9829031063338
304,200,9,-166.72587918500489,-90.82068481386243,179.05914499527807,584.0593728733038,1196.4194276541466,2294.0415817918856,2294.0415817918856,840.0615038576003
305,200,9,-166.89973782264883,-57.06023299272327,162.8769229266995,585.3807572568574,1206.7053654684837,2294.0415817918856,2294.0415817918856,837.019897884475
306,200,9,-166.73598719062116,-102.09196770243398,176.17688957624836,604.2461445690493,1259.1537315217133,2294.0415817918856,2294.0415817918856,853.533687987126
307,200,9,-166.73835936767813,-67.98270298413807,199.7050088860256,633.9844326543679,1342.3243597690732,2294.0415817918856,2294.0415817918856,842.6025284839232
308,200,9,-166.73014995199097,-102.1082847891015,160.852132441013,556.8258425455726,1207.439008778632,2294.0415817918856,2294.0415817918856,839.7769083858211
309,200,9,-166.71466642393108,-101.73098133373105,247.9875152944678,618.4660968282473,1272.1752838897742,2294.0415817918856,2294.0415817918856,845.9548279718118
310,200,9,-166.73346858224747,-101.56498807136545,179.87335587447444,573.2930856568646,1156.4179907486973,2294.0415817918856,2294.0415817918856,834.947776487215
311,200,10,-166.73707639490658,-101.80563122373312,195.20596284677652,616.0611811881079,1293.278560549678,2294.0415817918856,2294.0415817918856,856.3907768223607
312,200,10,-166.71472535855025,-101.75130158113156,169.5056628595571,574.1921934554089,1009.7277926708094,2294.0415817918856,2294.0415817918856,831.8005172116253
313,200,10,-166.6120488927336,-101.75588597883208,155.85433568898662,549.8032713072786,1060.8455734317467,2294.0415817918856,2294.0415817918856,839.0889288248209
314,200,11,-166.7566808645384,-89.96496850853771,173.32875308529458,627.1419463505939,1380.7659515363603,2294.0415817918856,2294.0415817918856,860.1375161658771
315,200,11,-166.99553846379058,-101.44184088612417,156.41832930406454,546.5495401848352,1004.2947566473308,2294.0415817918856,2294.0415817918856,830.3576878200361
316,200,11,-166.73640064194728,-95.34367416713172,163.31503244786148,553.7152157196647,774.4032809665878,2294.0415817918856,2294.0415817918856,851.0230903694868
317,200,11,-167.35503194792489,-101.66506982622897,156.69758147052124,558.0810483669434,1017.0325218719141,2294.0415817918856,2294.0415817918856,850.0606853440835
318,200,11,-166.72653279642321,-101.73098133373105,154.50606769566994,561.8121861512543,932.2675315464896,2294.0415817918856,2294.0415817918856,844.5760837779085
319,200,11,-168.8079270126255,-71.85630260213024,175.1356613351101,544.6561804683653,774.2596400259749,2294.0415817918856,2294.0415817918856,815.3234295819578
320,200,11,-166.71309148267932,-55.46484505442059,168.42329899397453,543.4941757838909,688.3287746857497,2294.0415817918856,2294.0415817918856,814.0676985581218
321,200,11,-166.73656322173144,-7.299798369950217,173.79540393363658,596.6936852955113,889.138946926163,2294.0415817918856,2294.0415817918856,849.1116499154685
322,200,11,-166.74237878858867,-101.56388050931683,165.39962524383242,632.2187415876909,1538.3061688189118,2294.0415817918856,2294.0415817918856,891.2016271410231
323,200,11,-166.67777478040065,-38.01187544662038,227.0229718517645,648.8471931012006,1516.71465336862,2294.0415817918856,2294.0415817918856,863.9880930869142
324,200,11,-166.68557906356722,-89.3343185711286,183.9455939052499,553.0818597661836,729.2043141219685,2294.0415817918856,2294.0415817918856,827.4207085599953
325,200,9,-173.0025836735391,-101.96153190973806,177.88695601073783,564.5752962207733,1123.5121296856983,2294.0415817918856,2294.0415817918856,842.5084988072697
326,200,9,-167.24300918313145,-102.00317739860648,136.16680891670865,481.12791640289345,465.73200534895165,2294.0415817918856,2294.0415817918856,813.1112326748852
327,200,9,-166.72886533963384,-101.8189639866657,159.4146936504248,546.2510676649632,808.4845933664462,2294.0415817918856,2294.0415817918856,840.1888635992186
328,200,9,-166.72435095961595,-101.96007729832073,126.01716073315154,502.4392892806216,616.8295285192008,2294.0415817918856,2294.0415817918856,832.0416197312984
329,200,9,-166.7496245041975,-41.01377925284672,173.90618447267173,498.2720296519303,539.2701665350952,2294.0415817918856,2294.0415817918856,777.5165165044441
330,200,9,-166.70817622667505,-91.58038814471573,128.46982012525217,497.71716539301786,651.5543784614588,2294.0415817918856,2294.0415817918856,816.8052588948734
331,200,8,-166.6863689104111,-59.02680538223231,148.37854775938825,492.368249451792,569.5718112403862,2294.0415817918856,2294.0415817918856,797.4783989397918
332,200,9,-174.03409338115867,-101.98404195583782,144.86036192962638,460.1695580924323,549.5292404527979,2294.0415817918856,2294.0415817918856,781.5184490077955
333,200,9,-166.71899826173131,-68.9999713312679,184.90055258195227,561.6753291649507,721.4082888024286,2294.0415817918856,2294.0415817918856,822.2099428899093
334,200,9,-166.73552278364926,-102.14707623390522,71.16531336389176,435.13323750321155,483.4065250939143,2294.0415817918856,2294.0415817918856,783.3366142278023
335,200,9,-166.71495503528092,-101.98519997146451,100.20418743313652,474.03182960621905,529.2831380480418,2294.0415817918856,2294.0415817918856,811.7294724526939
336,200,9,-166.73422253119435,-101.96062477276655,143.04487833618498,519.3174261933083,830.6401507672007,2294.0415817918856,2294.0415817918856,830.9236835531069
337,200,9,-167.94545554747822,-91.44908277581173,180.69221521993455,525.707560892586,888.0041237251312,2294.0415817918856,2294.0415817918856,773.0745801216534
338,200,9,-166.96621983945414,-108.84104834341801,160.25929694193513,493.6070976013102,665.235551600005,2294.0415817918856,2294.0415817918856,800.582612210893
339,200,9,-166.87560207822895,-102.29830883110762,127.69713153870121,506.7770460061259,611.6529211315537,2294.0415817918856,2294.0415817918856,824.8749204289469
340,200,8,-166.74001151164885,-119.90670798388527,40.61078431961127,348.4047106296818,417.36117848405297,2294.0415817918856,2294.0415817918856,709.9024227121863
341,200,7,-166.54120569942157,-101.84137531751273,108.36353180354473,417.0862801290557,435.66967410401475,2294.0415817918856,2294.0415817918856,744.8541110901425
342,200,7,-167.80557854769722,-107.64529622068979,117.98261852621144,437.0106100689139,557.6991922079486,2294.0415817918856,2294.0415817918856,754.7355156675885
343,200,7,-166.72268287990343,-99.26074666753732,141.0701678218803,495.37803983018233,613.1113714876585,2294.0415817918856,2294.0415817918856,796.1451260821874
344,200,7,-167.6249477791696,-118.4878798837261,152.96749113713247,544.5430562434154,1251.638199237005,2294.0415817918856,2294.0415817918856,820.416252900849
345,200,8,-166.75090449238536,-101.69666132388565,159.2316664384359,499.51263314212747,698.1578689462997,2294.0415817918856,2294.0415817918856,787.9457546047109
346,200,8,-166.7659083292504,-102.05706626954502,148.47097290265842,510.0728999272371,681.5035406002671,2294.0415817918856,2294.0415817918856,805.457161415659
347,200,8,-166.73745819152148,-89.907443880719,161.28915868334974,482.86805149312306,616.1019177523224,2294.0415817918856,2294.0415817918856,772.695534517015
348,200,8,-168.26549899845799,-103.86111236825707,137.89155523944035,467.47080284427864,517.140672769247,2294.0415817918856,2294.0415817918856,782.370025279042
349,200,8,-166.78525420175936,-101.95999842000319,157.54378013228734,490.41174787434153,538.9833975743913,2294.0415817918856,2294.0415817918856,793.0926635905324
350,200,9,-166.7031470137718,-102.27865513948667,205.99251912835868,565.9318124397179,1116.0371631484702,2294.0415817918856,2294.0415817918856,811.612652910928
351,200,9,-166.70817628017966,-101.95999594872217,140.74687262639392,420.6262757855736,432.74414798147325,2294.0415817918856,2294.0415817918856,746.6778868992081
352,200,9,-173.48464852415526,-103.4566591312568,130.17526152570838,457.4025850628792,495.86395244742704,2294.0415817918856,2294.0415817918856,785.3031324123062
353,200,9,-166.74191718814438,-104.04179935953425,124.89993851584384,451.1307860249991,510.2927061676203,2294.0415817918856,2294.0415817918856,769.2671805490993
354,200,9,-166.99125712698242,-112.07817598064692,149.17542047506015,501.97463768414826,669.4923093359552,2294.0415817918856,2294.0415817918856,807.6070667238557
355,200,9,-168.98209455320628,-97.27843261056515,168.74091056029297,581.7936607149445,1169.4108806295312,2294.0415817918856,2294.0415817918856,820.4094001041701
356,200,9,-166.72657841235608,-4.31832448697472,318.0885864147774,622.1583729123871,1328.952051169659,2294.0415817918856,2294.0415817918856,828.1322356805915
357,200,9,-166.74829789428549,-59.69457247176574,169.26672164267922,604.2135542321483,1380.5313183236979,2294.0415817918856,2294.0415817918856,851.2122713843768
358,200,8,-170.60236508647984,-86.99411227491773,182.23770896847861,528.8338008317107,662.4523972050807,2294.0415817918856,2294.0415817918856,789.6507224810448
359,200,8,-170.61469427014634,-104.00373412173303,111.48519367410327,409.06846393068304,440.2031428091578,2294.0415817918856,2294.0415817918856,761.8229762449972
360,200,8,-166.775211889943,-112.74994316850366,122.52311793203245,522.3681453113502,732.8460677671138,2294.0415817918856,2294.0415817918856,835.9735598303407
361,200,9,-173.67220354772948,-110.96944359502487,169.5791613654226,518.3103296077218,509.9835275917329,2294.0415817918856,2294.0415817918856,833.2545504841687
362,200,9,-173.21921337788814,-102.5101892581105,159.20303132131522,529.2697437982614,859.859705674747,2294.0415817918856,2294.0415817918856,813.8595801510859
363,200,11,-173.21921337788814,-121.5161553319207,156.56101581531152,504.09758707378955,582.7842521130831,2294.0415817918856,2294.0415817918856,830.2691185123057
364,200,11,-169.34382360480413,-109.18751327281733,22.962580902284902,392.46052208876586,466.18600447347274,2294.0415817918856,2294.0415817918856,761.617961029884
365,200,11,-166.76428994396517,-121.41839432706212,108.887661181927,450.4585966615037,569.8214530010049,2294.0415817918856,2294.0415817918856,788.0505469406132
366,200,11,-172.69249179003006,-113.22479314777384,151.8551944849937,481.5862635696397,579.2447852170184,2294.0415817918856,2294.0415817918856,786.1955504577215
367,200,11,-166.51030087774134,-102.01862370077022,126.86733459641752,524.0657231747899,751.7593648114546,2294.0415817918856,2294.0415817918856,810.563469090302
368,200,11,-166.73436982464577,-102.24738679406951,210.98323314765543,583.7078792470642,1125.761615724753,2294.0415817918856,2294.0415817918856,817.6185790252242
369,200,11,-166.71988712090155,-119.24604024529478,159.4336961007274,548.8647502690859,1159.7740044766615,2294.0415817918856,2294.0415817918856,826.2941168684677
370,200,10,-168.3202568124378,-102.03884442614293,180.1186053986366,590.5682818402403,1093.9847429305314,2294.0415817918856,2294.0415817918856,838.8061738426591
371,200,10,-166.75697667333384,-102.29814901380465,164.67730893365285,545.4513104105454,974.7349865542428,2294.0415817918856,2294.0415817918856,823.0401168456118
372,200,10,-174.1819635500076,-101.9765124452518,169.20256108930442,557.5113074434836,936.0770340007928,2294.0415817918856,2294.0415817918856,818.3044561667061
373,200,10,-166.77846946536766,-102.0173642366062,158.04162552070383,557.2241676333465,877.0320414659075,2294.0415817918856,2294.0415817918856,814.7177241708488
374,200,10,-169.78654225131595,-115.37497235528599,128.75067262001548,487.90342955124214,690.546687998311,2294.0415817918856,2294.0415817918856,800.4705435288968
375,200,10,-166.73988913283586,-102.07663232082768,183.9536357500112,574.6706561700693,1086.0643102897707,2294.0415817918856,2294.0415817918856,820.1355400145022
376,200,10,-175.81695914673867,-111.06187715357134,154.96923132335291,525.3028299496248,670.5111027493247,2328.6168389637864,2328.6168389637864,832.9245151662979
377,200,10,-166.8337478053313,-101.8958146408797,167.62497636265542,543.2457691702565,818.2481320001875,2328.6168389637864,2328.6168389637864,807.3059262493024
378,200,10,-169.63284255523718,-118.75685973969492,139.66586046226678,528.5046110593925,863.3758766433282,2328.6168389637864,2328.6168389637864,841.7139605502141
379,200,9,-166.73768062380083,-107.73112782883788,166.65461283673244,520.2589039439781,573.0703606070961,2328.6168389637864,2328.6168389637864,824.0140844517917
380,200,9,-173.5254790441569,-102.01628271945684,144.0538933883941,554.3939567843904,1099.2187825377175,2328.6168389637864,2328.6168389637864,844.4922603955605
381,200,9,-166.72698400575587,-92.27100273002354,161.07320919544463,539.3501112380243,714.91648106436,2328.6168389637864,2328.6168389637864,829.478795875618
382,200,9,-166.55956717992154,-110.4421370478419,131.26562133435638,554.1171516663057,1098.7476485835055,2328.6168389637864,2328.6168389637864,861.2000202279064
383,200,9,-166.73355017570555,-99.85104723325249,147.17803438970276,505.273812366174,620.8941495699262,2328.6168389637864,2328.6168389637864,823.8544657405234
384,200,9,-166.70655419426066,-80.58612357834994,214.95589170896596,574.4432584347007,931.0067873790076,2328.6168389637864,2328.6168389637864,820.9501158058558
385,200,10,-166.714634549346,-101.95999877510354,155.71666295143805,500.6523348301054,737.2202608956618,2328.6168389637864,2328.6168389637864,802.3897301654844
386,200,10,-173.8337944945566,-109.34851537707104,116.06607790267375,488.9269856797511,648.1734716562564,2328.6168389637864,2328.6168389637864,818.2956933334419
387,200,10,-169.32879070265108,-90.70249896897363,256.7931960126001,613.0219612851172,1256.2576940198367,2328.6168389637864,2328.6168389637864,834.9472972857476
388,200,10,-169.64342409434823,-101.96036543904071,162.20410519134919,525.6120622175484,728.2470175127709,2328.6168389637864,2328.6168389637864,829.2506098313202
389,200,10,-171.22020668839997,-101.9600099898337,159.61547877408327,544.6445883358416,1060.4977881260843,2328.6168389637864,2328.6168389637864,836.9374697673273
390,200,10,-166.737269565057,-82.39127078181546,173.7250835080007,603.803816349958,1198.6418850516366,2328.6168389637864,2328.6168389637864,848.2449476640618
391,200,10,-166.72659764154568,-107.09613025196506,136.7328232660343,498.4485066465579,682.486714176149,2328.6168389637864,2328.6168389637864,802.8056019421759
392,200,10,-172.07926029789522,-102.01712430483195,152.61548886214015,500.99270698321436,800.4184880181064,2328.6168389637864,2328.6168389637864,803.1230766806224
393,200,10,-166.71962060710888,-104.15662629224332,158.61336131727757,571.4168295728449,1069.4227732309118,2328.6168389637864,2328.6168389637864,854.26818658938
394,200,10,-167.88413768061963,-102.05161091142458,170.10846376478256,596.8704247659034,1264.0725400932429,2328.6168389637864,2328.6168389637864,866.3856120759928
395,200,10,-166.72568417834276,-101.73808415153722,186.87472204985505,634.0972180353723,1465.5738843643844,2328.6168389637864,2328.6168389637864,878.8011474408207
396,200,9,-166.73394960873134,-102.61507676930894,162.52627354091715,620.4396018232358,1374.8387607349841,2328.6168389637864,2328.6168389637864,903.3625986483622
397,200,9,-166.68732277165438,-101.83518075098266,184.11149530006958,624.9860721521143,1158.495955932601,2328.6168389637864,2328.6168389637864,857.9696207824845
398,200,8,-166.68899641404295,-90.6410697479086,177.86326201261994,630.1083801105881,1498.9020362951894,2328.6168389637864,2328.6168389637864,869.2915417146393
399,200,8,-170.20125491156813,-101.97767048245525,162.72973747972878,538.0809671968975,964.7643162517395,2328.6168389637864,2328.6168389637864,837.1594120089959
400,200,8,-166.48113887595275,-100.44145708288676,162.66512769736318,534.8071240238239,983.493595424914,2328.6168389637864,2328.6168389637864,821.6714343330891
401,200,8,-171.82016210423097,-102.03207617666655,155.63690713605345,591.2753968508081,1321.5615585154337,2328.6168389637864,2328.6168389637864,866.0473230359356
402,200,7,-167.85074290558347,-101.95999598215084,160.35405384872897,606.2892440892919,1288.9825281247925,2328.6168389637864,2328.6168389637864,860.8644783936701
403,200,6,-166.76010255788816,-83.2975186231865,167.14315599445356,611.8072959848582,1262.8743383576307,2328.6168389637864,2328.6168389637864,835.1322917263881
404,200,6,-166.73275948434997,-36.46426450583335,275.4595111253124,619.2525439459775,1206.8434133820358,2328.6168389637864,2328.6168389637864,804.9012034147056
405,200,6,-166.73280431674692,-101.30546818477029,189.81201696817524,629.4708481993409,1446.0502111468966,2328.6168389637864,2328.6168389637864,845.9332216497603
406,200,6,-166.68920314978772,-101.96129339844174,170.89923160325355,575.0371661621748,1248.7282238875423,2328.6168389637864,2328.6168389637864,832.0619554297422
407,200,6,-168.37303823991968,-41.28427435577653,243.29539406065774,701.4143391486164,1580.4114785126765,2328.6168389637864,2328.6168389637864,876.8489682161157
408,200,6,-166.73192889378169,-100.08447847008549,170.62952465742853,567.2880766318032,989.7358507669812,2328.6168389637864,2328.6168389637864,812.7422378752909
409,200,7,-166.75770907263546,-58.31558415523461,166.26378249094603,587.649085346081,1165.7374550558623,2328.6168389637864,2328.6168389637864,847.0233205946304
410,200,7,-166.76406303801417,-92.24186943051774,275.5792783906563,642.1791075653136,1329.1866140971772,2328.6168389637864,2328.6168389637864,833.6101830211907
411,200,7,-166.7341574343668,-101.36697668243339,170.0232830223871,550.8614716118091,892.465159687217,2328.6168389637864,2328.6168389637864,805.571114593764
412,200,7,-166.72760279281346,0.06582781353047373,316.02101381836496,649.6513494423593,1280.01394992195,2328.6168389637864,2328.6168389637864,809.3452478357482
413,200,7,-166.72260041441157,-91.18705681508746,276.37277149280544,657.5207460428999,1489.5881005128126,2328.6168389637864,2328.6168389637864,852.0832320477422
414,200,7,-166.68569585056036,-39.192411456309046,326.6334855494471,671.9128157548905,1461.2566293202747,2328.6168389637864,2328.6168389637864,851.5409415481936
415,200,7,-166.56108222089247,-101.63255517317684,184.2666570316216,555.7210844381777,842.5923651377666,2328.6168389637864,2328.6168389637864,809.3818362551684
416,200,8,-166.7809145690608,-26.007406053503935,338.3062498990006,645.0179265131535,1222.3367828684475,2328.6168389637864,2328.6168389637864,831.9707914202575
417,200,8,-166.7809145690608,-19.81927011359084,304.37301566218,640.0346115350952,1298.1601266704638,2328.6168389637864,2328.6168389637864,813.8143083384124
418,200,8,-166.70819291998646,-101.98073703779684,310.32760717793434,683.8776095192338,1594.9349379913465,2328.6168389637864,2328.6168389637864,876.0970004990837
419,200,8,-167.55539347477986,-27.73794956909112,364.78955052300364,676.7189873610565,1485.7383965380805,2328.6168389637864,2328.6168389637864,847.0443193389452
420,200,8,-166.73763622790665,-101.73741676681253,240.15309330394092,658.8860183145874,1546.8629081294891,2328.6168389637864,2328.6168389637864,869.6129097005901
421,200,8,-166.94023695935377,-55.276023385252635,249.04256906826424,645.6697285335332,1480.0629175491192,2328.6168389637864,2328.6168389637864,851.5530356615293
422,200,9,-167.8485402038874,-101.97357540934797,176.77387304426134,590.3237629888955,1036.8257238160368,2328.6168389637864,2328.6168389637864,839.9409374297958
423,200,9,-168.5129906432767,-102.83416412993813,240.8385975977908,618.7510994392168,1276.2996832781755,2328.6168389637864,2328.6168389637864,857.7835253084876
424,200,9,-167.71536761746722,-101.6847785524714,174.95289486582658,594.4853836115326,961.3013021766119,2328.6168389637864,2328.6168389637864,851.2810470726296
425,200,9,-166.7414468268943,-54.5383617671346,284.8017543498203,667.1075080875878,1456.1334827742205,2328.6168389637864,2328.6168389637864,859.8084672981224
426,200,9,-166.72683350798127,-41.66266549964827,248.0670764744457,728.4043805760681,1665.6393678571767,2328.6168389637864,2328.6168389637864,895.221908813937
427,200,9,-168.05230570053408,-48.9842699532508,192.37852811084662,682.8414194703355,1674.6771604056685,2328.6168389637864,2328.6168389637864,891.9726152065086
428,200,9,-166.732236961094,-102.83416412993813,273.7898870061339,653.4824559807001,1550.3829454594384,2328.6168389637864,2328.6168389637864,888.3544856815193
429,200,8,-167.25401931811635,-104.29207853563341,158.20135960937296,605.8060013993713,1379.8914590353565,2328.6168389637864,2328.6168389637864,863.9239684810249
430,200,7,-170.10116020156818,-101.76759847875056,162.399581862169,557.7165173888078,1271.5121872177497,2328.6168389637864,2328.6168389637864,822.0653798422087
431,200,7,-166.7446870466623,-102.83416412993813,100.80027975946287,521.3452374862727,848.1223138585846,2328.6168389637864,2328.6168389637864,821.3440487001533
432,200,7,-166.69068265707884,-102.01958026519992,147.6541430530242,554.0988360960105,1094.8778763766286,2328.6168389637864,2328.6168389637864,814.3167226294129
433,200,7,-169.18182496094778,-102.12081229147626,137.53696042375933,527.431318526751,896.4373597079398,2328.6168389637864,2328.6168389637864,823.6379183381408
434,200,7,-166.7263104723619,-95.65257099200922,150.2896694474947,612.081023384282,1378.9188433966879,2328.6168389637864,2328.6168389637864,856.0201901790982
435,200,6,-166.7346101839101,-101.99684120124869,155.48489469515377,538.8974028171704,1145.2094607222712,2328.6168389637864,2328.6168389637864,811.4490391539399
436,200,6,-166.6672417833176,-102.24538450169712,74.19370977894677,510.388800204769,885.3226647547486,2328.6168389637864,2328.6168389637864,818.6336603399312
437,200,6,-167.2735021664196,-102.01773738040899,144.15148503121284,501.8660882881845,794.6534816609247,2328.6168389637864,2328.6168389637864,785.4286754638042
438,200,6,-166.6937265883139,-93.10950236952173,165.80936980101455,598.6153291600878,1281.1847442919689,2328.6168389637864,2328.6168389637864,841.4020275058543
439,200,6,-166.85180884908604,-35.52099423425209,165.95030171424028,551.78366347991,951.8677997373483,2328.6168389637864,2328.6168389637864,798.5804546380617
440,200,6,-166.7333940327709,-102.02660286377198,118.9573922672615,485.70193144938924,709.4083377923341,2328.6168389637864,2328.6168389637864,804.535654630474
441,200,6,-166.73474679066175,-102.03086687002094,148.92849285829413,543.6739075876817,1088.6667200968463,2328.6168389637864,2328.6168389637864,829.5765836119268
442,200,6,-167.06141472660727,-101.96862152814747,162.34262429443353,536.3621185385205,854.6186390794684,2328.6168389637864,2328.6168389637864,821.491567944437
443,200,6,-168.61992798833086,-103.25895572141987,119.89945753466014,444.7300702776885,598.1770880165819,2328.6168389637864,2328.6168389637864,767.4861099354586
444,200,6,-168.99362836745402,-101.98525455217182,142.84431851469526,519.8269910930901,852.8600844122193,2328.6168389637864,2328.6168389637864,830.5668485885999
445,200,6,-166.76345786770872,-101.73825634125461,162.3002453487481,496.138142176127,723.2361935593515,2328.6168389637864,2328.6168389637864,785.0379398968787
446,200,6,-167.56659240314076,-102.00736435679096,112.39788389553641,453.4022783889208,475.0967180093238,2328.6168389637864,2328.6168389637864,790.6492301931276
447,200,6,-166.73705960764443,-101.71588028215089,135.9163768923504,479.7041452148049,596.7204057366077,2328.6168389637864,2328.6168389637864,793.9842686504738
448,200,6,-173.76362457030652,-112.7281308948276,144.5548330623709,536.014557403132,922.0704846730722,2328.6168389637864,2328.6168389637864,836.2340310456527
449,200,6,-167.77908931793357,-101.96000096397431,172.82104029001988,526.017844718642,872.8400399171203,2328.6168389637864,2328.6168389637864,810.8762561541164
450,200,6,-166.69840635837858,-101.96807326117882,178.98058515288125,606.0485238082783,1141.9446833617026,2328.6168389637864,2328.6168389637864,861.701806553312
451,200,6,-166.7265518261858,-80.54454679769198,157.52556345409522,550.3936705543928,1006.2804201810818,2328.6168389637864,2328.6168389637864,821.6306023340047
452,200,6,-166.73828734823311,-102.3405775171521,119.75802844457144,489.6845612553745,707.761104717189,2328.6168389637864,2328.6168389637864,802.1938449452059
453,200,6,-166.72239008964831,-101.95999606107173,144.51266922515163,590.8006515674755,1502.1858888991226,2328.6168389637864,2328.6168389637864,866.285144031328
454,200,6,-166.71642932363142,-110.62175808638698,29.649528381253024,419.60725709794553,387.95536750899885,2328.6168389637864,2328.6168389637864,801.5389972440925
455,200,6,-168.2093640769031,-104.2459152969972,114.59468757823626,451.43015623067345,479.0077609437439,2328.6168389637864,2328.6168389637864,799.2037313059727
456,200,6,-166.73279834828364,-101.98158374913018,161.99423276525852,519.9479602329311,859.9651834427563,2328.6168389637864,2328.6168389637864,808.5487497692309
457,200,7,-167.09125077037055,-102.23251089580738,151.71568811981268,454.61760439997175,556.5981903223928,2328.6168389637864,2328.6168389637864,784.9499051818178
458,200,7,-166.7273937921383,-101.959996097761,107.25307602679887,462.6640738447397,589.4625216428277,2328.6168389637864,2328.6168389637864,793.5636087861293
459,200,7,-166.76930802541412,-102.07904247838559,99.16675554593246,452.67978928108386,566.070488324939,2328.6168389637864,2328.6168389637864,798.0996373521305
460,200,5,-166.73735041251695,-101.0558469101336,163.0926895486366,522.522823562587,914.5712900029285,2328.6168389637864,2328.6168389637864,796.056974134383
461,200,5,-167.38393895873466,-102.14430699442539,163.41687834161928,563.8190403913284,1267.076395350626,2328.6168389637864,2328.6168389637864,856.3787521324155
462,200,5,-166.69561017035926,-102.09174090525646,86.52014314138074,486.5692272374664,808.9224230115955,2328.6168389637864,2328.6168389637864,801.01291060606
463,200,5,-166.7262890226935,-117.99369440511921,72.52664718899484,466.49023689490525,665.9892409760481,2328.6168389637864,2328.6168389637864,806.4206721721513
464,200,5,-166.73804248533838,-89.93582420111176,178.6548121504566,571.7123730952708,1058.162843849338,2328.6168389637864,2328.6168389637864,788.8105769722815
465,200,5,-166.77044981841743,-102.03486191424821,162.8892900631944,541.0016916721587,1157.8396317066617,2328.6168389637864,2328.6168389637864,821.4085586255297
466,200,5,-169.2782793176655,-102.0728414826453,166.1439702352793,478.29807120179595,596.5228127963749,2328.6168389637864,2328.6168389637864,788.051623436973
467,200,4,-169.23480093144696,-100.73975552199164,172.47931276032193,570.0238162833189,1171.055722761443,2328.6168389637864,2328.6168389637864,781.4654320251439
468,200,5,-167.10739531938816,-101.96162993617425,179.51982683438962,508.39835564959293,864.5073555546509,2328.6168389637864,2328.6168389637864,774.1880752946801
469,200,5,-166.64645596026824,-103.62285317720062,106.35763154348875,472.3883117043586,750.9426359388386,2328.6168389637864,2328.6168389637864,786.1309909352432
470,200,5,-166.73022437929257,-111.0150454928484,123.99757888504608,501.6228217572376,940.3143440900697,2328.6168389637864,2328.6168389637864,812.1663877477957
471,200,5,-167.16877681460858,-101.98218442657839,6.330504906167926,418.26713445493726,579.7182335155971,2328.6168389637864,2328.6168389637864,772.5532516481717
472,200,5,-166.64157854027974,-101.96374814522154,160.97738274561704,503.5350895003556,677.7556996360809,2328.6168389637864,2328.6168389637864,799.947406576672
473,200,4,-166.94967530430117,-102.04360738245734,160.40913154093573,422.5045132477106,491.0624683972445,2328.6168389637864,2328.6168389637864,731.8930929424318
474,200,5,-166.73726909646228,-107.28991621047206,167.68655252989075,500.7891200947309,830.9654558879059,2328.6168389637864,2328.6168389637864,778.2928207732325
475,200,6,-166.6845351928112,-103.09179018415124,127.45540737751813,432.1815470110936,671.6669779808648,2328.6168389637864,2328.6168389637864,727.6349702771112
476,200,6,-166.72731420960412,-117.2508800089177,103.57100254389532,365.51489274587533,470.85779223916444,2328.6168389637864,2328.6168389637864,700.6592952550188
477,200,6,-167.13885310262225,-107.58875309224892,154.9734195743316,456.4535140123244,696.1744928626782,2328.6168389637864,2328.6168389637864,743.5110732431802
478,200,6,-172.72470109207325,-107.19116464662748,129.91706884038075,489.7789601677285,835.1284333056001,2329.0578562902865,2329.0578562902865,788.7004998684758
479,200,6,-166.74905583059228,-102.05380754514356,121.4659941220811,472.04346719993964,736.513071159957,2329.0578562902865,2329.0578562902865,764.9842100741888
480,200,6,-166.71362600855906,-108.63644680604473,111.59769895269744,449.2016795265739,541.5629849187699,2329.0578562902865,2329.0578562902865,779.5772732830111
481,200,6,-170.88533150302206,-102.28696176670411,171.62649461527235,501.80083683499527,749.9806234608939,2329.0578562902865,2329.0578562902865,770.2152321559896
482,200,6,-170.15354465681287,-102.01916413850037,159.79465296825452,518.9224483444805,722.981836175728,2329.0578562902865,2329.0578562902865,800.6738697880731
483,200,6,-170.24909656074132,-57.032621119138,236.08486614976607,648.3002630846207,1448.4457570077825,2329.0578562902865,2329.0578562902865,844.0351862346531
484,200,6,-166.72805113571536,-7.8635221314326715,272.7987420839737,601.1956323416894,1269.4614532554563,2329.0578562902865,2329.0578562902865,795.8969280463411
485,200,6,-168.0410857268232,-101.95848288183727,167.951486265781,523.1586970126356,836.7307618286643,2329.0578562902865,2329.0578562902865,779.6906673674858
486,200,6,-171.71568136780863,-101.73054977493356,238.81437248867408,614.9768736866633,1342.3343941393546,2329.0578562902865,2329.0578562902865,815.960544971441
487,200,6,-166.7319680665185,-59.197375378438096,173.58356002953866,573.8695311413886,1186.2013232086322,2329.0578562902865,2329.0578562902865,806.1299715600175
488,200,6,-166.7295021961323,-94.84832598792866,197.17347982799873,589.7967991115756,1309.7012615995932,2329.0578562902865,2329.0578562902865,806.148281176832
489,200,6,-166.70583350279867,-111.65049314419198,155.09057315802687,534.034719421508,1093.926308161481,2329.0578562902865,2329.0578562902865,813.6800032798577
490,200,6,-166.73020098322647,-93.57459656830142,164.77219967851406,578.6630156064299,1161.6990186411576,2329.0578562902865,2329.0578562902865,815.8331496527609
491,200,6,-166.6501435289083,-101.96000066660645,161.8624995861298,538.7548355575801,952.4633050767313,2329.0578562902865,2329.0578562902865,813.2785090026267
492,200,6,-169.05424761586724,-101.90411791020675,184.72139107779898,622.9403112102441,1466.9603167404157,2329.0578562902865,2329.0578562902865,841.4239581818933
493,200,6,-166.74472746338876,-101.95999712602044,165.53311900147006,605.2049168221281,1365.3275817826673,2329.0578562902865,2329.0578562902865,845.0903232036795
494,200,6,-167.33110850603066,-101.96007296409688,158.64261586043904,592.3545288721325,1332.0322396136212,2329.0578562902865,2329.0578562902865,843.5542278960721
495,200,6,-172.4935491624121,-101.74942448106412,155.90919331731374,635.4558189488787,1620.090437448403,2329.0578562902865,2329.0578562902865,879.1213429564518
496,200,6,-166.73298978457797,-99.95080876668727,168.074884507241,598.1992205559599,1336.2374014754016,2329.0578562902865,2329.0578562902865,829.0122555580211
497,200,6,-166.70571073183442,-22.594846383941356,177.45631847901709,640.9478678850583,1409.6986897280913,2329.0578562902865,2329.0578562902865,843.7492459366371
498,200,6,-166.72561058420627,-102.39267344697302,152.8876865914187,561.9300481745341,1286.4217782109035,2329.0578562902865,2329.0578562902865,847.8215750027553
499,200,6,-168.7756026750801,-101.19478581729604,164.70922557138672,610.3030370946774,1527.9021435345824,2329.0578562902865,2329.0578562902865,862.4127853922545
